{
  "total_processed": 454,
  "brands_detected": 0,
  "emails_sent": 0,
  "start_time": 1753730854.9183178,
  "runtime": 1.442117691040039
}